Designator,Footprint,Quantity,Value,LCSC Part #
"C1, C2, C4, C5, C7",C_0603_1608Metric,5,0.1u,
C3,C_0603_1608Metric,1,10u,
CN1,PinHeader_2x03_P2.54mm_Vertical,1,CON_AVRISP,
CN2,CON_GROVE_H_roundPad,1,CON_GROVE,
"D1, D2",LED_0603_1608Metric,2,LED,
"D3, D7",LED_WS2812B_PLCC4_5.0x5.0mm_P3.2mm,2,WS2812B,
J1,JST_PH_B2B-PH-K_1x02_P2.00mm_Vertical,1,Conn_01x02,
"J10, J11",PinSocket_1x04_P2.54mm_Vertical,2,Conn_01x04,
"J18, J19",PinHeader_1x02_P2.54mm_Vertical_SMD_Pin1Right,2,Conn_01x02,
J2,PinSocket_1x06_P2.54mm_Vertical,1,Conn_01x06,
J3,CON_microbit_cardedge_V_SMD,1,Conn_01x40,
"J4, J5",PinHeader_1x02_P2.54mm_Vertical,2,Conn_01x02,
"J8, J9",PinHeader_1x06_P2.54mm_Vertical,2,Conn_01x06,
JP1,SolderJumper-2_P1.3mm_Open_Pad1.0x1.5mm,1,Jumper_2_Open,
Q1,SOT-23,1,TR_NMOS_IRLML6344,
R1,R_0603_1608Metric,1,2k,C2907022
"R10, R11, R15, R16, R5",R_0603_1608Metric,5,10k,
"R12, R13, R14, R7, R9",R_0603_1608Metric,5,470,C2907172
R17,R_0603_1608Metric,1,1k,
R18,R_0603_1608Metric,1,100,
R2,R_0603_1608Metric,1,3k,C328357
"R6, R8",R_0603_1608Metric,2,4.7k,
SW1,SW_SK-12D11VG3,1,SW_SPDT,
U1,TQFP-32_7x7mm_P0.8mm,1,ATmega328P-A,C14877
U2,SOT-223-3_TabPin2,1,AP1117-33,C2992570
"U3, U4",SOT-23-6_L2.9-W1.6-P0.95-LS2.8-BL,2,AD116,
"U5, U6, U8, U9",Everlight_ITR1201SR10AR,4,ITR8307-S17-TR8,C81632
U7,OPLGA-4,1,SENSOR_VEML6040,C78465
